method,split,seed,mean_success_rate,ci95_success_rate,mean_contact_precision,ci95_contact_precision,mean_budget_violation_rate,ci95_budget_violation_rate,mean_fall_rate,ci95_fall_rate,mean_balance_margin,ci95_balance_margin,mean_recovery_success,ci95_recovery_success,mean_energy_contact_cost,ci95_energy_contact_cost,mean_calibration_error,ci95_calibration_error,groups,episodes_per_group
cbf_safety_controller,clean_deployment,0,0.628912,0.020122,0.530236,0.002760,0.192639,0.003363,0.096300,0.002378,0.544068,0.004077,0.448600,0.002052,0.266181,0.001102,0.077548,0.001355,35,84
cbf_safety_controller,clean_deployment,1,0.612585,0.019798,0.529722,0.002850,0.192940,0.003563,0.096683,0.002485,0.543559,0.003525,0.449465,0.002060,0.266387,0.001212,0.077757,0.001392,35,84
cbf_safety_controller,clean_deployment,2,0.603061,0.019273,0.530123,0.003033,0.192897,0.003644,0.096652,0.002510,0.543986,0.003492,0.449443,0.002040,0.266359,0.001260,0.077275,0.001323,35,84
cbf_safety_controller,clean_deployment,3,0.596939,0.021921,0.530067,0.002982,0.192512,0.003589,0.096746,0.002618,0.543949,0.003665,0.449413,0.002271,0.265865,0.001307,0.077245,0.001299,35,84
cbf_safety_controller,clean_deployment,4,0.629252,0.020608,0.530468,0.002768,0.192127,0.003863,0.095917,0.002505,0.543958,0.003859,0.448985,0.001991,0.265830,0.001349,0.077443,0.001315,35,84
cbf_safety_controller,clean_deployment,5,0.610204,0.027129,0.530412,0.002688,0.192771,0.003866,0.096617,0.002640,0.542519,0.003919,0.448915,0.002054,0.266043,0.001380,0.077430,0.001166,35,84
cbf_safety_controller,clean_deployment,6,0.596939,0.020273,0.529898,0.002718,0.193072,0.003935,0.097155,0.002690,0.542917,0.003782,0.448856,0.002026,0.266250,0.001381,0.077410,0.001052,35,84
cbf_safety_controller,combined_stress,0,0.546939,0.020426,0.509888,0.002749,0.221383,0.003452,0.112516,0.002593,0.522931,0.003836,0.428637,0.002421,0.280091,0.001116,0.092375,0.001088,35,84
cbf_safety_controller,combined_stress,1,0.534014,0.021113,0.510281,0.002828,0.221678,0.003416,0.112813,0.002513,0.522418,0.003687,0.429500,0.002418,0.280293,0.001100,0.091894,0.001277,35,84
cbf_safety_controller,combined_stress,2,0.522109,0.022149,0.510674,0.002600,0.221972,0.003625,0.113086,0.002660,0.521450,0.003731,0.428078,0.002225,0.280496,0.001226,0.091871,0.001206,35,84
cbf_safety_controller,combined_stress,3,0.532653,0.020701,0.510610,0.002780,0.221924,0.003784,0.113026,0.002725,0.520040,0.004205,0.428507,0.002265,0.280463,0.001324,0.092071,0.001222,35,84
cbf_safety_controller,combined_stress,4,0.532993,0.024069,0.511003,0.002829,0.221876,0.003755,0.113211,0.002728,0.520906,0.004208,0.428006,0.002019,0.280430,0.001317,0.091813,0.001128,35,84
cbf_safety_controller,combined_stress,5,0.538435,0.020204,0.511396,0.002616,0.221485,0.004057,0.113252,0.002655,0.521778,0.004202,0.428428,0.001806,0.279932,0.001408,0.092007,0.001243,35,84
cbf_safety_controller,combined_stress,6,0.529592,0.018705,0.511332,0.002474,0.221094,0.003739,0.113635,0.002398,0.522176,0.003944,0.428371,0.001775,0.279892,0.001326,0.091973,0.001276,35,84
cbf_safety_controller,heldout_disturbance,0,0.567007,0.022107,0.518548,0.002771,0.211066,0.003410,0.106720,0.002621,0.529830,0.003644,0.436343,0.002160,0.274947,0.001097,0.087082,0.001169,35,84
cbf_safety_controller,heldout_disturbance,1,0.552381,0.023668,0.518516,0.002529,0.211042,0.003372,0.107511,0.002543,0.530240,0.003747,0.435834,0.002259,0.275159,0.001102,0.086841,0.001104,35,84
cbf_safety_controller,heldout_disturbance,2,0.558503,0.017956,0.518484,0.002648,0.211361,0.003291,0.107597,0.002471,0.530227,0.003645,0.436285,0.002293,0.275378,0.001059,0.086605,0.001136,35,84
cbf_safety_controller,heldout_disturbance,3,0.565986,0.021525,0.518451,0.002913,0.211336,0.003393,0.106942,0.002761,0.530709,0.003827,0.437242,0.002303,0.274676,0.001230,0.086592,0.001051,35,84
cbf_safety_controller,heldout_disturbance,4,0.563605,0.019556,0.518419,0.002965,0.210626,0.003539,0.106937,0.002570,0.530701,0.003833,0.437700,0.002245,0.274874,0.001211,0.086340,0.001233,35,84
cbf_safety_controller,heldout_disturbance,5,0.581633,0.022720,0.518844,0.003057,0.210602,0.003612,0.106487,0.002587,0.530258,0.003758,0.436814,0.002087,0.274629,0.001337,0.086556,0.001227,35,84
cbf_safety_controller,heldout_disturbance,6,0.557143,0.022018,0.517897,0.002719,0.210578,0.003969,0.107286,0.002576,0.529752,0.003622,0.435847,0.002063,0.274841,0.001432,0.086773,0.001239,35,84
cbf_safety_controller,heldout_layout,0,0.582313,0.019636,0.522242,0.002788,0.204802,0.003476,0.103926,0.002676,0.536143,0.003797,0.440092,0.002481,0.271998,0.001172,0.084296,0.001292,35,84
cbf_safety_controller,heldout_layout,1,0.589796,0.017174,0.522627,0.002849,0.204748,0.003620,0.103935,0.002502,0.534723,0.004014,0.440509,0.002304,0.271961,0.001246,0.084492,0.001319,35,84
cbf_safety_controller,heldout_layout,2,0.574490,0.015959,0.521640,0.002722,0.204694,0.003473,0.104263,0.002484,0.534201,0.004264,0.441362,0.002308,0.271923,0.001158,0.084230,0.001487,35,84
cbf_safety_controller,heldout_layout,3,0.571088,0.022218,0.521110,0.002899,0.204983,0.003507,0.104099,0.002658,0.533703,0.004041,0.439960,0.002325,0.272122,0.001170,0.083974,0.001325,35,84
cbf_safety_controller,heldout_layout,4,0.585714,0.019785,0.521495,0.002677,0.205272,0.003583,0.103730,0.002714,0.533673,0.004003,0.439029,0.002216,0.272320,0.001209,0.083718,0.001349,35,84
cbf_safety_controller,heldout_layout,5,0.588435,0.018106,0.520966,0.002851,0.205217,0.003583,0.103397,0.002582,0.534557,0.003990,0.438553,0.002068,0.272283,0.001210,0.083685,0.001266,35,84
cbf_safety_controller,heldout_layout,6,0.574150,0.022719,0.521351,0.002798,0.204820,0.003682,0.103449,0.002724,0.534048,0.003800,0.438052,0.001723,0.272010,0.001256,0.083875,0.001238,35,84
cbf_safety_controller,heldout_object,0,0.604422,0.018820,0.525486,0.002589,0.200450,0.003500,0.100226,0.002315,0.538521,0.003885,0.445005,0.002182,0.270107,0.001176,0.081444,0.001112,35,84
cbf_safety_controller,heldout_object,1,0.590476,0.017461,0.526328,0.002586,0.200395,0.003628,0.100521,0.002557,0.538915,0.003927,0.444030,0.002144,0.269612,0.001266,0.081639,0.001234,35,84
cbf_safety_controller,heldout_object,2,0.606122,0.021053,0.526713,0.002697,0.199998,0.003570,0.100541,0.002636,0.539324,0.003805,0.442617,0.002471,0.269339,0.001168,0.081601,0.001333,35,84
cbf_safety_controller,heldout_object,3,0.605102,0.016049,0.526184,0.002844,0.199944,0.003481,0.100754,0.002426,0.540179,0.003796,0.443477,0.002465,0.269531,0.001271,0.081797,0.001298,35,84
cbf_safety_controller,heldout_object,4,0.589456,0.021247,0.525654,0.002931,0.199204,0.003476,0.101045,0.002525,0.539659,0.004161,0.444333,0.002465,0.269251,0.001158,0.081524,0.001395,35,84
cbf_safety_controller,heldout_object,5,0.594898,0.022987,0.525125,0.002808,0.199493,0.003511,0.100669,0.002707,0.538715,0.004105,0.444775,0.002304,0.269449,0.001172,0.081039,0.001324,35,84
cbf_safety_controller,heldout_object,6,0.581293,0.019732,0.525510,0.002893,0.199781,0.003588,0.100978,0.002641,0.538194,0.004087,0.445172,0.002320,0.269648,0.001211,0.081012,0.001394,35,84
fixed_contact_quota,clean_deployment,0,0.586735,0.023305,0.448651,0.002743,0.314693,0.004882,0.159682,0.002694,0.461063,0.003833,0.397940,0.002483,0.180601,0.001260,0.108229,0.001333,35,84
fixed_contact_quota,clean_deployment,1,0.563946,0.017795,0.448579,0.002731,0.314639,0.004735,0.159961,0.002692,0.459171,0.003936,0.398339,0.002323,0.180335,0.001180,0.107967,0.001500,35,84
fixed_contact_quota,clean_deployment,2,0.580612,0.022759,0.448050,0.002908,0.314585,0.004849,0.159521,0.002827,0.458688,0.004308,0.399242,0.002326,0.180527,0.001224,0.107706,0.001334,35,84
fixed_contact_quota,clean_deployment,3,0.573469,0.018487,0.447977,0.002730,0.315217,0.004852,0.159240,0.002766,0.458654,0.004054,0.397848,0.002325,0.180961,0.001226,0.107455,0.001362,35,84
fixed_contact_quota,clean_deployment,4,0.576871,0.020277,0.447905,0.002858,0.314820,0.004801,0.159325,0.002721,0.458601,0.004025,0.396887,0.002229,0.180459,0.001233,0.107416,0.001278,35,84
fixed_contact_quota,clean_deployment,5,0.597619,0.019198,0.447833,0.002708,0.314766,0.004955,0.158330,0.002700,0.459517,0.004020,0.396454,0.002068,0.180651,0.001275,0.107612,0.001253,35,84
fixed_contact_quota,clean_deployment,6,0.597959,0.018452,0.448675,0.002706,0.315054,0.005146,0.158533,0.002644,0.458544,0.003773,0.395944,0.001724,0.180849,0.001374,0.107813,0.001206,35,84
fixed_contact_quota,combined_stress,0,0.470068,0.025993,0.427994,0.003070,0.363307,0.004486,0.177639,0.003000,0.435870,0.003413,0.377097,0.002148,0.194525,0.001012,0.122762,0.001203,35,84
fixed_contact_quota,combined_stress,1,0.448639,0.025377,0.427456,0.003081,0.363590,0.004432,0.178360,0.002766,0.436693,0.003399,0.377460,0.002186,0.194490,0.001094,0.122730,0.001197,35,84
fixed_contact_quota,combined_stress,2,0.456122,0.026070,0.427376,0.003133,0.363530,0.004852,0.177908,0.002806,0.437116,0.003663,0.378355,0.002187,0.194449,0.001208,0.122236,0.001305,35,84
fixed_contact_quota,combined_stress,3,0.455102,0.029840,0.427753,0.003080,0.363127,0.004612,0.177637,0.002789,0.437074,0.003486,0.379240,0.002185,0.194401,0.001060,0.122193,0.001261,35,84
fixed_contact_quota,combined_stress,4,0.454422,0.023205,0.428130,0.003123,0.363753,0.004615,0.177654,0.002636,0.436559,0.003428,0.377818,0.002223,0.194831,0.001062,0.122167,0.001314,35,84
fixed_contact_quota,combined_stress,5,0.478571,0.024120,0.428050,0.002689,0.364035,0.004663,0.177510,0.002610,0.436968,0.003577,0.377322,0.002220,0.194796,0.001132,0.121907,0.001194,35,84
fixed_contact_quota,combined_stress,6,0.460204,0.021896,0.427513,0.002879,0.363632,0.005015,0.177885,0.002729,0.436435,0.003803,0.377249,0.002196,0.194748,0.001285,0.122093,0.001209,35,84
fixed_contact_quota,heldout_disturbance,0,0.512245,0.025871,0.435423,0.002537,0.345485,0.004865,0.170437,0.003011,0.444352,0.003646,0.385950,0.002050,0.189530,0.001203,0.117419,0.001176,35,84
fixed_contact_quota,heldout_disturbance,1,0.504082,0.023293,0.435374,0.002720,0.345792,0.004783,0.170858,0.002866,0.444765,0.003668,0.385906,0.002011,0.189512,0.001104,0.117861,0.001178,35,84
fixed_contact_quota,heldout_disturbance,2,0.509524,0.022572,0.435326,0.002681,0.346099,0.004698,0.170723,0.002776,0.444290,0.004074,0.385441,0.002247,0.189723,0.001078,0.117617,0.001236,35,84
fixed_contact_quota,heldout_disturbance,3,0.499320,0.021388,0.435735,0.002580,0.346406,0.004651,0.170964,0.002653,0.444253,0.004205,0.384495,0.002151,0.190162,0.001081,0.116916,0.001288,35,84
fixed_contact_quota,heldout_disturbance,4,0.508844,0.025423,0.436144,0.002674,0.347056,0.004654,0.170982,0.002831,0.445143,0.004203,0.384935,0.002314,0.190609,0.001083,0.116448,0.001069,35,84
fixed_contact_quota,heldout_disturbance,5,0.496599,0.021359,0.436554,0.002769,0.346676,0.004406,0.171456,0.002742,0.444180,0.004255,0.384888,0.002490,0.190120,0.001114,0.116880,0.001069,35,84
fixed_contact_quota,heldout_disturbance,6,0.508163,0.022773,0.436963,0.002829,0.345954,0.004835,0.171107,0.002724,0.445088,0.004243,0.385809,0.002501,0.189624,0.001277,0.117077,0.001193,35,84
fixed_contact_quota,heldout_layout,0,0.525510,0.022559,0.438915,0.002656,0.336503,0.004900,0.167644,0.002518,0.448636,0.003846,0.389498,0.002199,0.186884,0.001281,0.113575,0.001067,35,84
fixed_contact_quota,heldout_layout,1,0.529252,0.025834,0.439285,0.002834,0.335751,0.005197,0.167232,0.002731,0.448592,0.003944,0.389926,0.002302,0.186596,0.001391,0.113980,0.001070,35,84
fixed_contact_quota,heldout_layout,2,0.535034,0.023116,0.439654,0.002831,0.336028,0.005232,0.166839,0.002706,0.449005,0.003824,0.389438,0.002409,0.186786,0.001404,0.114173,0.001097,35,84
fixed_contact_quota,heldout_layout,3,0.535034,0.021367,0.440023,0.002602,0.336647,0.005234,0.167292,0.002695,0.449375,0.003762,0.389352,0.002291,0.187211,0.001405,0.113914,0.001294,35,84
fixed_contact_quota,heldout_layout,4,0.527211,0.027435,0.439020,0.002178,0.336581,0.005077,0.167432,0.002976,0.449304,0.003807,0.388830,0.002312,0.187166,0.001330,0.114101,0.001312,35,84
fixed_contact_quota,heldout_layout,5,0.521088,0.021562,0.439389,0.002101,0.336858,0.005117,0.167781,0.002877,0.449680,0.003905,0.388751,0.002245,0.187356,0.001356,0.114523,0.001313,35,84
fixed_contact_quota,heldout_layout,6,0.505102,0.022049,0.440216,0.002096,0.336792,0.004876,0.167659,0.003113,0.449622,0.003821,0.388245,0.002351,0.187311,0.001244,0.114711,0.001325,35,84
fixed_contact_quota,heldout_object,0,0.542177,0.020005,0.443698,0.003107,0.327053,0.004704,0.163598,0.002511,0.452569,0.003358,0.393685,0.001946,0.184288,0.001135,0.111181,0.000988,35,84
fixed_contact_quota,heldout_object,1,0.554422,0.028041,0.443153,0.003089,0.326987,0.004901,0.163713,0.002606,0.453414,0.003341,0.393164,0.002149,0.184242,0.001243,0.111140,0.001229,35,84
fixed_contact_quota,heldout_object,2,0.541837,0.019752,0.442607,0.002830,0.326921,0.005018,0.164195,0.002431,0.452411,0.003851,0.393077,0.002151,0.183739,0.001384,0.110870,0.001068,35,84
fixed_contact_quota,heldout_object,3,0.544558,0.017699,0.443434,0.002826,0.326511,0.005232,0.163830,0.002658,0.452822,0.003824,0.393501,0.002206,0.183916,0.001403,0.111281,0.001073,35,84
fixed_contact_quota,heldout_object,4,0.551020,0.019335,0.443345,0.002598,0.327131,0.005234,0.163671,0.002722,0.453224,0.003950,0.392998,0.002472,0.184341,0.001404,0.111479,0.001099,35,84
fixed_contact_quota,heldout_object,5,0.556463,0.024035,0.443257,0.002455,0.327751,0.005236,0.163766,0.002732,0.453155,0.003760,0.393393,0.002400,0.184767,0.001405,0.111220,0.001296,35,84
fixed_contact_quota,heldout_object,6,0.548299,0.023155,0.442712,0.002098,0.327685,0.005082,0.164142,0.002850,0.453529,0.003594,0.392855,0.002441,0.184722,0.001333,0.111408,0.001314,35,84
greedy_contact_planner,clean_deployment,0,0.541156,0.022236,0.393027,0.002574,0.419545,0.005733,0.212822,0.002910,0.398532,0.003436,0.350719,0.001742,0.170386,0.001338,0.136005,0.001308,35,84
greedy_contact_planner,clean_deployment,1,0.521429,0.027204,0.392979,0.002543,0.419852,0.005730,0.213748,0.002964,0.398461,0.003339,0.351100,0.001643,0.170368,0.001318,0.136218,0.001307,35,84
greedy_contact_planner,clean_deployment,2,0.523469,0.021164,0.393388,0.002434,0.419816,0.005758,0.213444,0.002945,0.398452,0.003475,0.351104,0.001763,0.170572,0.001331,0.136426,0.001328,35,84
greedy_contact_planner,clean_deployment,3,0.520748,0.023748,0.392425,0.002520,0.419779,0.005490,0.213254,0.003134,0.397980,0.002945,0.351100,0.001771,0.170547,0.001176,0.136634,0.001309,35,84
greedy_contact_planner,clean_deployment,4,0.529592,0.014861,0.392377,0.002486,0.420086,0.005489,0.213038,0.002749,0.397967,0.003443,0.351098,0.001925,0.170529,0.001060,0.136848,0.001227,35,84
greedy_contact_planner,clean_deployment,5,0.535374,0.021077,0.392786,0.002418,0.420050,0.005505,0.212644,0.003013,0.397962,0.003620,0.352022,0.001937,0.170733,0.001174,0.136827,0.001138,35,84
greedy_contact_planner,clean_deployment,6,0.531293,0.020316,0.392738,0.002706,0.420357,0.005585,0.212966,0.002897,0.397922,0.003667,0.352442,0.002041,0.170944,0.001217,0.137041,0.001194,35,84
greedy_contact_planner,combined_stress,0,0.398639,0.024600,0.373749,0.003134,0.480002,0.005465,0.233316,0.002842,0.376421,0.004125,0.330176,0.002432,0.184779,0.001231,0.151188,0.001277,35,84
greedy_contact_planner,combined_stress,1,0.389796,0.028893,0.374150,0.003055,0.480303,0.005509,0.233748,0.002963,0.374995,0.004146,0.329666,0.002091,0.184985,0.001131,0.151169,0.001402,35,84
greedy_contact_planner,combined_stress,2,0.392517,0.029491,0.373179,0.002750,0.479917,0.005350,0.233401,0.002927,0.375437,0.004005,0.330122,0.002094,0.184950,0.001139,0.150910,0.001385,35,84
greedy_contact_planner,combined_stress,3,0.393878,0.029767,0.372665,0.002835,0.480218,0.005558,0.233360,0.003045,0.374950,0.003462,0.331015,0.002101,0.185156,0.001254,0.151119,0.001419,35,84
greedy_contact_planner,combined_stress,4,0.370748,0.029917,0.373066,0.003021,0.480176,0.005629,0.233655,0.003060,0.375360,0.003420,0.330972,0.002095,0.185127,0.001294,0.150637,0.001353,35,84
greedy_contact_planner,combined_stress,5,0.395238,0.024120,0.373010,0.002972,0.479791,0.005574,0.233014,0.002979,0.375360,0.003599,0.330989,0.002301,0.184863,0.001253,0.150607,0.001326,35,84
greedy_contact_planner,combined_stress,6,0.408163,0.024752,0.373411,0.002754,0.479406,0.005875,0.232651,0.002807,0.375803,0.003772,0.330531,0.002036,0.184598,0.001390,0.150805,0.001344,35,84
greedy_contact_planner,heldout_disturbance,0,0.457823,0.024804,0.380738,0.002808,0.458042,0.005340,0.225675,0.002984,0.383570,0.003530,0.338160,0.002306,0.179710,0.001153,0.145559,0.001076,35,84
greedy_contact_planner,heldout_disturbance,1,0.446259,0.020746,0.381628,0.002804,0.458023,0.005292,0.225482,0.002825,0.384037,0.003746,0.337723,0.002183,0.179698,0.001068,0.145550,0.001122,35,84
greedy_contact_planner,heldout_disturbance,2,0.440476,0.025453,0.380689,0.003176,0.457319,0.005587,0.226020,0.002958,0.384925,0.003754,0.337696,0.002030,0.179443,0.001251,0.145531,0.001250,35,84
greedy_contact_planner,heldout_disturbance,3,0.425850,0.023039,0.380665,0.002932,0.457644,0.005581,0.226609,0.002856,0.385353,0.003797,0.338123,0.001995,0.179666,0.001243,0.145528,0.001214,35,84
greedy_contact_planner,heldout_disturbance,4,0.436735,0.026797,0.380641,0.003066,0.458312,0.005584,0.225921,0.002828,0.384472,0.003649,0.337718,0.001791,0.179896,0.001246,0.145531,0.001360,35,84
greedy_contact_planner,heldout_disturbance,5,0.431973,0.025246,0.380159,0.002671,0.458294,0.005623,0.226251,0.002817,0.384455,0.003422,0.338162,0.001875,0.180112,0.001269,0.145522,0.001428,35,84
greedy_contact_planner,heldout_disturbance,6,0.452721,0.024472,0.380592,0.002664,0.458276,0.005406,0.225511,0.002667,0.382663,0.003283,0.338675,0.001862,0.180100,0.001163,0.145285,0.001379,35,84
greedy_contact_planner,heldout_layout,0,0.474490,0.022355,0.385904,0.002633,0.446793,0.006030,0.222117,0.002787,0.388650,0.004017,0.342059,0.001801,0.177169,0.001429,0.142973,0.001257,35,84
greedy_contact_planner,heldout_layout,1,0.481633,0.030541,0.385382,0.002606,0.446402,0.005695,0.222116,0.003092,0.389525,0.004018,0.342485,0.002009,0.177129,0.001346,0.142710,0.001247,35,84
greedy_contact_planner,heldout_layout,2,0.488435,0.024360,0.385775,0.002574,0.446011,0.005758,0.221896,0.003048,0.388124,0.003966,0.341095,0.001986,0.176860,0.001370,0.142218,0.001360,35,84
greedy_contact_planner,heldout_layout,3,0.482653,0.022885,0.384796,0.002446,0.445963,0.005616,0.221999,0.003066,0.387163,0.003943,0.341056,0.001901,0.176598,0.001252,0.142418,0.001394,35,84
greedy_contact_planner,heldout_layout,4,0.452041,0.023205,0.384732,0.002653,0.446257,0.005566,0.222721,0.003112,0.386630,0.003672,0.341891,0.001905,0.177030,0.001254,0.142623,0.001426,35,84
greedy_contact_planner,heldout_layout,5,0.464626,0.023770,0.384211,0.002553,0.446552,0.005477,0.221948,0.003028,0.386171,0.003425,0.342367,0.002060,0.177003,0.001196,0.142828,0.001422,35,84
greedy_contact_planner,heldout_layout,6,0.476531,0.027600,0.384146,0.002692,0.446161,0.005326,0.221605,0.003129,0.387062,0.003427,0.342357,0.002174,0.176963,0.001113,0.142794,0.001286,35,84
greedy_contact_planner,heldout_object,0,0.499660,0.023186,0.388836,0.002817,0.435570,0.005759,0.218198,0.002804,0.393014,0.003611,0.346217,0.002317,0.174755,0.001349,0.139854,0.001234,35,84
greedy_contact_planner,heldout_object,1,0.495918,0.024648,0.388772,0.002834,0.435865,0.005679,0.218503,0.002892,0.391129,0.004271,0.346165,0.002286,0.174729,0.001337,0.139831,0.001100,35,84
greedy_contact_planner,heldout_object,2,0.495918,0.021854,0.389165,0.002627,0.435474,0.005845,0.218446,0.002762,0.392006,0.004274,0.345679,0.002024,0.174460,0.001504,0.140025,0.001145,35,84
greedy_contact_planner,heldout_object,3,0.492177,0.021770,0.389101,0.002481,0.435083,0.005868,0.218707,0.002790,0.392868,0.004265,0.346087,0.001798,0.174192,0.001345,0.140219,0.001258,35,84
greedy_contact_planner,heldout_object,4,0.492857,0.025456,0.389494,0.002601,0.434691,0.005846,0.218862,0.002985,0.393277,0.004012,0.346045,0.001808,0.174152,0.001417,0.140185,0.001304,35,84
greedy_contact_planner,heldout_object,5,0.504082,0.021875,0.388972,0.002455,0.434643,0.005583,0.218557,0.002979,0.393709,0.004010,0.346490,0.001981,0.174119,0.001274,0.139470,0.001364,35,84
greedy_contact_planner,heldout_object,6,0.492177,0.023721,0.387993,0.002649,0.434595,0.005570,0.218807,0.003011,0.391370,0.003856,0.345069,0.001979,0.174086,0.001256,0.139670,0.001395,35,84
learned_residual_contact_policy,clean_deployment,0,0.654422,0.022646,0.506578,0.002763,0.258901,0.004213,0.137937,0.002576,0.510229,0.003967,0.488341,0.001725,0.216135,0.001191,0.101297,0.001219,35,84
learned_residual_contact_policy,clean_deployment,1,0.653061,0.020114,0.507059,0.002814,0.258919,0.004127,0.137983,0.002360,0.508903,0.003620,0.489308,0.001708,0.216147,0.001161,0.100627,0.001128,35,84
learned_residual_contact_policy,clean_deployment,2,0.655442,0.019835,0.507540,0.002788,0.258594,0.004094,0.137916,0.002614,0.509411,0.003492,0.490283,0.001727,0.215924,0.001158,0.100637,0.001205,35,84
learned_residual_contact_policy,clean_deployment,3,0.655782,0.019706,0.507107,0.002988,0.257240,0.004299,0.138289,0.002594,0.510355,0.003490,0.490315,0.001984,0.214994,0.001259,0.100632,0.001244,35,84
learned_residual_contact_policy,clean_deployment,4,0.664966,0.020631,0.507131,0.002937,0.257600,0.004333,0.137647,0.002583,0.510435,0.003568,0.489955,0.002210,0.215241,0.001269,0.100882,0.001148,35,84
learned_residual_contact_policy,clean_deployment,5,0.655102,0.022525,0.506697,0.003193,0.257961,0.004518,0.138148,0.002491,0.510915,0.003788,0.490435,0.002190,0.215489,0.001361,0.100904,0.001130,35,84
learned_residual_contact_policy,clean_deployment,6,0.656803,0.021802,0.505349,0.002754,0.257979,0.004434,0.138120,0.002629,0.510049,0.003540,0.490493,0.002184,0.215502,0.001312,0.101148,0.001177,35,84
learned_residual_contact_policy,combined_stress,0,0.571769,0.022300,0.487320,0.002681,0.297899,0.004190,0.155152,0.002799,0.486930,0.003703,0.468946,0.001877,0.229423,0.001237,0.115460,0.001034,35,84
learned_residual_contact_policy,combined_stress,1,0.547619,0.023876,0.487794,0.002896,0.298254,0.004237,0.156220,0.002819,0.486917,0.003760,0.468924,0.001954,0.229666,0.001343,0.115478,0.001135,35,84
learned_residual_contact_policy,combined_stress,2,0.542857,0.024298,0.487352,0.002896,0.297580,0.004466,0.156527,0.002861,0.486941,0.003487,0.468952,0.002154,0.229432,0.001363,0.115708,0.001168,35,84
learned_residual_contact_policy,combined_stress,3,0.573810,0.024886,0.486453,0.002898,0.297935,0.004546,0.155815,0.002700,0.487017,0.003722,0.467674,0.002058,0.229218,0.001224,0.115497,0.001111,35,84
learned_residual_contact_policy,combined_stress,4,0.564966,0.026098,0.486926,0.002692,0.297261,0.004382,0.155306,0.002814,0.486624,0.003586,0.468212,0.002131,0.229213,0.001312,0.115726,0.001174,35,84
learned_residual_contact_policy,combined_stress,5,0.547279,0.022848,0.486485,0.002652,0.296586,0.004195,0.155923,0.002739,0.487548,0.003575,0.469135,0.002137,0.228750,0.001187,0.115499,0.001160,35,84
learned_residual_contact_policy,combined_stress,6,0.563265,0.025013,0.485586,0.002712,0.296941,0.004377,0.155113,0.002884,0.486714,0.003984,0.469235,0.002148,0.228993,0.001273,0.114602,0.001259,35,84
learned_residual_contact_policy,heldout_disturbance,0,0.589796,0.021204,0.493906,0.002993,0.282904,0.004469,0.148293,0.002552,0.496381,0.003433,0.476475,0.001928,0.224291,0.001318,0.109741,0.001192,35,84
learned_residual_contact_policy,heldout_disturbance,1,0.590476,0.024708,0.493953,0.002567,0.283283,0.004466,0.148782,0.002555,0.495514,0.003538,0.476523,0.001975,0.224552,0.001316,0.109546,0.001222,35,84
learned_residual_contact_policy,heldout_disturbance,2,0.594218,0.023864,0.494001,0.002616,0.283319,0.004427,0.149176,0.002514,0.495109,0.003678,0.477492,0.001974,0.224576,0.001299,0.109117,0.001276,35,84
learned_residual_contact_policy,heldout_disturbance,3,0.605442,0.016954,0.494049,0.002415,0.283355,0.004270,0.148704,0.002679,0.495661,0.003765,0.477145,0.002110,0.224601,0.001222,0.109146,0.001255,35,84
learned_residual_contact_policy,heldout_disturbance,4,0.579592,0.027018,0.494554,0.002419,0.282361,0.004333,0.149055,0.003061,0.495716,0.003922,0.477660,0.001951,0.223919,0.001251,0.109615,0.001258,35,84
learned_residual_contact_policy,heldout_disturbance,5,0.593878,0.021083,0.494602,0.002499,0.282740,0.004244,0.148989,0.002918,0.495791,0.004272,0.476372,0.002092,0.224179,0.001197,0.110106,0.001259,35,84
learned_residual_contact_policy,heldout_disturbance,6,0.581973,0.024440,0.493735,0.003103,0.283462,0.004246,0.149346,0.002957,0.495387,0.003949,0.476428,0.002071,0.224675,0.001199,0.110603,0.001260,35,84
learned_residual_contact_policy,heldout_layout,0,0.613265,0.027045,0.498145,0.002669,0.274901,0.004107,0.145920,0.002623,0.498646,0.003508,0.480286,0.002157,0.221352,0.001149,0.106515,0.001192,35,84
learned_residual_contact_policy,heldout_layout,1,0.612245,0.023456,0.498610,0.002874,0.275250,0.004149,0.145742,0.002812,0.499602,0.003511,0.480337,0.002209,0.221591,0.001171,0.106528,0.001266,35,84
learned_residual_contact_policy,heldout_layout,2,0.618027,0.017751,0.497246,0.002790,0.275942,0.004152,0.145652,0.002569,0.500553,0.003511,0.481298,0.002188,0.221838,0.001278,0.106318,0.001207,35,84
learned_residual_contact_policy,heldout_layout,3,0.605442,0.019254,0.497254,0.002947,0.275261,0.004289,0.146143,0.002653,0.500560,0.003949,0.481763,0.002210,0.221142,0.001157,0.106544,0.001208,35,84
learned_residual_contact_policy,heldout_layout,4,0.627211,0.019761,0.497719,0.002902,0.275267,0.004139,0.144710,0.002579,0.500663,0.003841,0.481896,0.002180,0.221603,0.001160,0.107009,0.001207,35,84
learned_residual_contact_policy,heldout_layout,5,0.609864,0.020540,0.498184,0.002694,0.274930,0.004237,0.145565,0.002695,0.499280,0.003619,0.480965,0.002090,0.221143,0.001215,0.107241,0.001195,35,84
learned_residual_contact_policy,heldout_layout,6,0.620408,0.024440,0.496820,0.002893,0.274936,0.004347,0.145545,0.002666,0.499770,0.003759,0.480091,0.002043,0.221376,0.001253,0.107249,0.001147,35,84
learned_residual_contact_policy,heldout_object,0,0.627891,0.020412,0.501471,0.002448,0.268166,0.004316,0.141828,0.002863,0.504327,0.003937,0.483476,0.002125,0.219225,0.001228,0.104808,0.001207,35,84
learned_residual_contact_policy,heldout_object,1,0.636735,0.021946,0.501936,0.002447,0.268515,0.004142,0.141871,0.002723,0.504814,0.003872,0.483970,0.002132,0.219464,0.001137,0.104364,0.001244,35,84
learned_residual_contact_policy,heldout_object,2,0.632993,0.021570,0.501486,0.002493,0.268521,0.004309,0.142194,0.002782,0.504372,0.004020,0.483989,0.002126,0.219240,0.001247,0.104601,0.001354,35,84
learned_residual_contact_policy,heldout_object,3,0.629932,0.020658,0.501952,0.002593,0.268527,0.004353,0.142500,0.002864,0.504388,0.004055,0.483552,0.002043,0.219244,0.001186,0.104380,0.001368,35,84
learned_residual_contact_policy,heldout_object,4,0.618367,0.020403,0.502417,0.002804,0.268533,0.004185,0.142553,0.002858,0.504875,0.004136,0.483588,0.002110,0.219476,0.001194,0.104159,0.001225,35,84
learned_residual_contact_policy,heldout_object,5,0.607143,0.020826,0.501967,0.002681,0.267509,0.004213,0.142989,0.002498,0.503055,0.003603,0.484057,0.002009,0.218774,0.001211,0.104151,0.001315,35,84
learned_residual_contact_policy,heldout_object,6,0.630272,0.021580,0.501975,0.002853,0.267858,0.004123,0.142689,0.002663,0.503560,0.003287,0.485031,0.002019,0.219013,0.001156,0.103707,0.001182,35,84
no_budget_planner,clean_deployment,0,0.416667,0.018250,0.288072,0.002839,0.321836,0.004602,0.186481,0.002460,0.337017,0.003869,0.281290,0.002189,0.130683,0.001379,0.119623,0.001060,35,84
no_budget_planner,clean_deployment,1,0.423810,0.019933,0.287984,0.002612,0.322112,0.004635,0.186054,0.002627,0.336974,0.003981,0.281719,0.002290,0.130873,0.001390,0.119816,0.001084,35,84
no_budget_planner,clean_deployment,2,0.400000,0.023160,0.288353,0.002516,0.322732,0.004637,0.187079,0.002589,0.337316,0.003851,0.281138,0.002402,0.131299,0.001391,0.119786,0.001244,35,84
no_budget_planner,clean_deployment,3,0.405782,0.019636,0.287807,0.002185,0.322666,0.004487,0.186892,0.002731,0.337719,0.003798,0.282009,0.002407,0.131253,0.001319,0.119744,0.001299,35,84
no_budget_planner,clean_deployment,4,0.411905,0.016239,0.288176,0.002111,0.322943,0.004530,0.186719,0.002752,0.337663,0.003841,0.280592,0.002323,0.131443,0.001346,0.120166,0.001301,35,84
no_budget_planner,clean_deployment,5,0.402041,0.024614,0.289003,0.002106,0.322877,0.004291,0.186679,0.002997,0.338516,0.003833,0.280538,0.002249,0.131398,0.001233,0.120582,0.001299,35,84
no_budget_planner,clean_deployment,6,0.419388,0.021519,0.288915,0.002373,0.322468,0.004375,0.186649,0.003113,0.338453,0.004045,0.280941,0.002395,0.130888,0.001246,0.120078,0.001388,35,84
no_budget_planner,combined_stress,0,0.296599,0.022092,0.269849,0.002475,0.361610,0.004444,0.205391,0.002954,0.314669,0.003596,0.260076,0.002299,0.144504,0.001375,0.134088,0.001037,35,84
no_budget_planner,combined_stress,1,0.303741,0.020300,0.267924,0.002505,0.361881,0.004515,0.205189,0.002919,0.315064,0.003673,0.260025,0.002318,0.144919,0.001378,0.133820,0.001146,35,84
no_budget_planner,combined_stress,2,0.310204,0.020381,0.268742,0.002501,0.361809,0.004597,0.204981,0.003213,0.315917,0.003668,0.260431,0.002154,0.144640,0.001432,0.134232,0.001145,35,84
no_budget_planner,combined_stress,3,0.308503,0.020790,0.268189,0.002627,0.361394,0.004413,0.204489,0.002970,0.314040,0.003648,0.259484,0.002135,0.144355,0.001271,0.134181,0.001247,35,84
no_budget_planner,combined_stress,4,0.312585,0.024563,0.268550,0.002529,0.361664,0.004328,0.204818,0.003032,0.314409,0.003770,0.259856,0.002132,0.144770,0.001273,0.134370,0.001287,35,84
no_budget_planner,combined_stress,5,0.318367,0.020943,0.268453,0.002427,0.361249,0.004270,0.204147,0.002945,0.314370,0.003350,0.260293,0.002190,0.144027,0.001174,0.133862,0.001410,35,84
no_budget_planner,combined_stress,6,0.327551,0.016131,0.267900,0.002652,0.360491,0.004050,0.204286,0.002850,0.315206,0.003346,0.260220,0.002164,0.143964,0.001067,0.134263,0.001409,35,84
no_budget_planner,heldout_disturbance,0,0.352041,0.020026,0.275132,0.002715,0.347010,0.004205,0.197693,0.002791,0.321487,0.003424,0.267729,0.002067,0.139644,0.001184,0.128867,0.001355,35,84
no_budget_planner,heldout_disturbance,1,0.351701,0.021376,0.275525,0.002750,0.346962,0.004110,0.197666,0.002837,0.321905,0.003434,0.268613,0.002069,0.139382,0.001102,0.128609,0.001229,35,84
no_budget_planner,heldout_disturbance,2,0.344558,0.020781,0.275918,0.002836,0.346913,0.004055,0.197574,0.002755,0.322785,0.003438,0.267672,0.002198,0.139349,0.001195,0.129038,0.001230,35,84
no_budget_planner,heldout_disturbance,3,0.354762,0.023033,0.275854,0.002793,0.347208,0.004252,0.197545,0.002759,0.323203,0.003629,0.268557,0.002197,0.139780,0.001202,0.129243,0.001193,35,84
no_budget_planner,heldout_disturbance,4,0.359524,0.022430,0.275789,0.002891,0.346474,0.004197,0.197350,0.002768,0.323630,0.003599,0.268995,0.002124,0.139276,0.001162,0.129203,0.001182,35,84
no_budget_planner,heldout_disturbance,5,0.345238,0.018987,0.275725,0.002928,0.346769,0.004195,0.197909,0.002558,0.324019,0.003518,0.268469,0.001928,0.139479,0.001157,0.128951,0.001187,35,84
no_budget_planner,heldout_disturbance,6,0.348639,0.020507,0.276118,0.002710,0.347064,0.004109,0.197586,0.002596,0.323538,0.003677,0.268915,0.002040,0.139681,0.001104,0.129385,0.001186,35,84
no_budget_planner,heldout_layout,0,0.369048,0.019510,0.278881,0.002507,0.339325,0.003986,0.194565,0.002831,0.327416,0.003799,0.271556,0.002235,0.136923,0.001047,0.126087,0.001438,35,84
no_budget_planner,heldout_layout,1,0.353741,0.020282,0.278320,0.002892,0.339590,0.003990,0.194440,0.002919,0.327799,0.003733,0.271949,0.002053,0.136876,0.001161,0.125814,0.001276,35,84
no_budget_planner,heldout_layout,2,0.372789,0.017476,0.279130,0.002889,0.339169,0.004141,0.193675,0.002644,0.326843,0.003656,0.272384,0.001987,0.136815,0.001131,0.125759,0.001287,35,84
no_budget_planner,heldout_layout,3,0.363265,0.020591,0.279941,0.002886,0.339434,0.003953,0.194097,0.002681,0.326741,0.003830,0.272742,0.002092,0.136997,0.001019,0.125487,0.001184,35,84
no_budget_planner,heldout_layout,4,0.364286,0.020720,0.279836,0.002971,0.339698,0.004159,0.194495,0.002590,0.326641,0.003874,0.272644,0.002178,0.137179,0.001140,0.125443,0.001075,35,84
no_budget_planner,heldout_layout,5,0.382653,0.022004,0.279275,0.002794,0.339277,0.004151,0.194204,0.002513,0.327033,0.003725,0.273048,0.002235,0.136661,0.001106,0.125617,0.001009,35,84
no_budget_planner,heldout_layout,6,0.375850,0.020003,0.279628,0.002972,0.339542,0.004107,0.194103,0.002700,0.326958,0.003721,0.272067,0.002133,0.137072,0.001109,0.125801,0.000972,35,84
no_budget_planner,heldout_object,0,0.382993,0.022218,0.282916,0.002429,0.331750,0.004075,0.191476,0.002946,0.331926,0.004069,0.276762,0.002163,0.134219,0.001100,0.123578,0.001384,35,84
no_budget_planner,heldout_object,1,0.401701,0.020119,0.282354,0.002539,0.332015,0.003988,0.190992,0.002887,0.332327,0.003961,0.275349,0.002019,0.134401,0.001048,0.123305,0.001439,35,84
no_budget_planner,heldout_object,2,0.382993,0.018708,0.282250,0.002888,0.331594,0.004189,0.190904,0.002831,0.331794,0.003795,0.275283,0.002224,0.133883,0.001128,0.123022,0.001279,35,84
no_budget_planner,heldout_object,3,0.383673,0.024595,0.283061,0.002885,0.331859,0.004141,0.190395,0.002646,0.331739,0.003828,0.276158,0.002209,0.134065,0.001018,0.123435,0.001278,35,84
no_budget_planner,heldout_object,4,0.386395,0.018259,0.283414,0.002972,0.332123,0.003953,0.190752,0.002564,0.331184,0.003651,0.276063,0.001981,0.134475,0.001018,0.122705,0.001187,35,84
no_budget_planner,heldout_object,5,0.390816,0.018878,0.283310,0.002971,0.332388,0.004161,0.191069,0.002559,0.331087,0.003827,0.276885,0.001971,0.134428,0.001091,0.122661,0.001076,35,84
no_budget_planner,heldout_object,6,0.396939,0.024312,0.282748,0.002973,0.331624,0.004107,0.190820,0.002682,0.331020,0.003872,0.277286,0.002082,0.134132,0.001108,0.122830,0.001007,35,84
oracle_contact_scheduler,clean_deployment,0,0.824490,0.017905,0.731477,0.003072,0.043902,0.002458,0.012000,0.002155,0.722263,0.003882,0.674038,0.002235,0.169141,0.001314,0.033136,0.001208,35,84
oracle_contact_scheduler,clean_deployment,1,0.820068,0.018444,0.730073,0.002833,0.044220,0.002608,0.012279,0.002247,0.721326,0.003858,0.672648,0.001889,0.169360,0.001402,0.033586,0.001214,35,84
oracle_contact_scheduler,clean_deployment,2,0.819728,0.018626,0.730498,0.002874,0.044196,0.002600,0.012300,0.002322,0.721316,0.003670,0.673104,0.001894,0.169343,0.001393,0.033573,0.001240,35,84
oracle_contact_scheduler,clean_deployment,3,0.826190,0.015070,0.730008,0.002556,0.044515,0.002460,0.011732,0.002194,0.720879,0.003959,0.671311,0.001969,0.169333,0.001292,0.033566,0.001133,35,84
oracle_contact_scheduler,clean_deployment,4,0.833673,0.013779,0.730434,0.002296,0.043462,0.002371,0.011416,0.002264,0.720429,0.003819,0.671331,0.001908,0.168610,0.001143,0.033309,0.001302,35,84
oracle_contact_scheduler,clean_deployment,5,0.829932,0.016993,0.730401,0.002291,0.043438,0.002353,0.011731,0.002421,0.719948,0.004243,0.671768,0.001851,0.168822,0.001235,0.033296,0.001252,35,84
oracle_contact_scheduler,clean_deployment,6,0.820408,0.019959,0.730826,0.002516,0.043756,0.002186,0.011806,0.002527,0.719479,0.003952,0.672677,0.001855,0.169041,0.001135,0.033289,0.001268,35,84
oracle_contact_scheduler,combined_stress,0,0.776531,0.019253,0.710679,0.002806,0.051376,0.002234,0.026350,0.002485,0.699853,0.003769,0.652832,0.001849,0.183086,0.001183,0.047626,0.001095,35,84
oracle_contact_scheduler,combined_stress,1,0.795238,0.020377,0.711096,0.002726,0.050660,0.002360,0.026292,0.002602,0.699840,0.003727,0.652827,0.002164,0.182366,0.001240,0.047827,0.001056,35,84
oracle_contact_scheduler,combined_stress,2,0.795238,0.013954,0.711970,0.002724,0.050286,0.002288,0.026019,0.002235,0.698465,0.003463,0.653294,0.002139,0.181881,0.001028,0.047119,0.001234,35,84
oracle_contact_scheduler,combined_stress,3,0.799660,0.020031,0.711473,0.002797,0.049913,0.001972,0.026097,0.002475,0.698445,0.003730,0.653281,0.002101,0.182310,0.001031,0.047325,0.001204,35,84
oracle_contact_scheduler,combined_stress,4,0.794218,0.016306,0.710518,0.002700,0.050569,0.001974,0.026708,0.002309,0.698856,0.004003,0.652318,0.002048,0.182532,0.001137,0.047091,0.001325,35,84
oracle_contact_scheduler,combined_stress,5,0.794898,0.017744,0.709563,0.003051,0.050882,0.002166,0.026234,0.002199,0.698863,0.004275,0.652341,0.002202,0.182976,0.001144,0.047308,0.001419,35,84
oracle_contact_scheduler,combined_stress,6,0.796599,0.017439,0.709980,0.003112,0.051195,0.002183,0.025736,0.002385,0.699787,0.004269,0.651908,0.002386,0.183190,0.001159,0.047297,0.001415,35,84
oracle_contact_scheduler,heldout_disturbance,0,0.801361,0.017762,0.717985,0.002441,0.048346,0.002375,0.020466,0.002362,0.707689,0.003747,0.660561,0.002159,0.177869,0.001246,0.042229,0.001128,35,84
oracle_contact_scheduler,heldout_disturbance,1,0.799660,0.017677,0.717976,0.002355,0.048683,0.002317,0.020753,0.002362,0.706776,0.003685,0.660566,0.002215,0.178100,0.001210,0.042006,0.001068,35,84
oracle_contact_scheduler,heldout_disturbance,2,0.809184,0.014107,0.717968,0.002378,0.049020,0.002165,0.020771,0.002504,0.707248,0.003724,0.660589,0.002340,0.178102,0.001155,0.042240,0.001041,35,84
oracle_contact_scheduler,heldout_disturbance,3,0.796939,0.015214,0.718417,0.002436,0.049357,0.002220,0.021082,0.002542,0.706334,0.003807,0.660593,0.002313,0.178105,0.001239,0.042702,0.001044,35,84
oracle_contact_scheduler,heldout_disturbance,4,0.798299,0.015570,0.718409,0.002784,0.049008,0.002529,0.020794,0.002631,0.705449,0.004272,0.660178,0.002543,0.177637,0.001345,0.042925,0.001116,35,84
oracle_contact_scheduler,heldout_disturbance,5,0.810884,0.016086,0.718858,0.002755,0.048315,0.002550,0.020901,0.002459,0.705917,0.004049,0.658822,0.002174,0.177619,0.001289,0.042457,0.001332,35,84
oracle_contact_scheduler,heldout_disturbance,6,0.790476,0.015131,0.718850,0.002682,0.048309,0.002408,0.021386,0.002456,0.705451,0.004000,0.658815,0.001893,0.177614,0.001207,0.042457,0.001426,35,84
oracle_contact_scheduler,heldout_layout,0,0.799660,0.016692,0.721979,0.002846,0.047635,0.002058,0.018134,0.002332,0.711079,0.004284,0.664124,0.002351,0.175409,0.001193,0.039454,0.001033,35,84
oracle_contact_scheduler,heldout_layout,1,0.801701,0.021452,0.722846,0.002843,0.047256,0.002261,0.018265,0.002397,0.711963,0.004275,0.664557,0.002503,0.174920,0.001201,0.039657,0.001155,35,84
oracle_contact_scheduler,heldout_layout,2,0.810544,0.015316,0.723712,0.002840,0.046877,0.002331,0.018232,0.002231,0.712398,0.004153,0.663170,0.002461,0.174889,0.001196,0.040088,0.001158,35,84
oracle_contact_scheduler,heldout_layout,3,0.791497,0.018083,0.722749,0.003025,0.046498,0.002310,0.019098,0.002292,0.711416,0.004002,0.663098,0.002373,0.174857,0.001227,0.039376,0.001231,35,84
oracle_contact_scheduler,heldout_layout,4,0.799320,0.016068,0.722244,0.002857,0.047148,0.002313,0.018928,0.002190,0.711400,0.004091,0.663093,0.002155,0.175303,0.001228,0.038909,0.001229,35,84
oracle_contact_scheduler,heldout_layout,5,0.813265,0.016944,0.721738,0.002783,0.046768,0.002481,0.018088,0.002434,0.710503,0.003563,0.663131,0.002190,0.175043,0.001328,0.038654,0.001224,35,84
oracle_contact_scheduler,heldout_layout,6,0.797959,0.015018,0.721232,0.002768,0.046732,0.002487,0.018200,0.002422,0.710931,0.003374,0.663108,0.001894,0.174789,0.001361,0.038405,0.001269,35,84
oracle_contact_scheduler,heldout_object,0,0.811565,0.017284,0.724745,0.002687,0.046095,0.002077,0.015079,0.002328,0.715690,0.003706,0.668059,0.002000,0.172649,0.001033,0.037322,0.001201,35,84
oracle_contact_scheduler,heldout_object,1,0.818707,0.017167,0.725154,0.002589,0.046402,0.002039,0.015132,0.002393,0.715663,0.004150,0.668496,0.002017,0.173088,0.001037,0.037078,0.001277,35,84
oracle_contact_scheduler,heldout_object,2,0.811905,0.020689,0.725563,0.002684,0.047052,0.002042,0.015314,0.002265,0.715173,0.004230,0.666639,0.002143,0.173535,0.001038,0.036382,0.001102,35,84
oracle_contact_scheduler,heldout_object,3,0.804422,0.015462,0.725972,0.002779,0.047016,0.001914,0.015719,0.002420,0.716043,0.004230,0.667511,0.002145,0.173281,0.000942,0.036590,0.001034,35,84
oracle_contact_scheduler,heldout_object,4,0.804422,0.019376,0.726381,0.002834,0.045950,0.002268,0.015602,0.002278,0.715110,0.004273,0.667960,0.002295,0.172778,0.001210,0.037011,0.001041,35,84
oracle_contact_scheduler,heldout_object,5,0.805442,0.014347,0.727248,0.002831,0.045914,0.002271,0.015780,0.002227,0.715991,0.004277,0.667932,0.002486,0.172525,0.001247,0.037219,0.001160,35,84
oracle_contact_scheduler,heldout_object,6,0.823810,0.015683,0.726742,0.003186,0.045192,0.002318,0.015725,0.002162,0.716427,0.004146,0.668377,0.002440,0.172257,0.001231,0.037416,0.001175,35,84
proposed_contact_budget_controller,clean_deployment,0,0.743197,0.019066,0.649760,0.002734,0.093866,0.002723,0.041356,0.002511,0.648623,0.003890,0.602226,0.002225,0.216653,0.001187,0.052539,0.001051,35,84
proposed_contact_budget_controller,clean_deployment,1,0.735714,0.017555,0.650722,0.002731,0.093216,0.002701,0.040831,0.002518,0.648264,0.003858,0.602340,0.002339,0.216436,0.001201,0.052785,0.001080,35,84
proposed_contact_budget_controller,clean_deployment,2,0.738776,0.015890,0.650770,0.002718,0.093252,0.002781,0.041012,0.002515,0.648784,0.003584,0.601950,0.002273,0.216460,0.001250,0.052814,0.001154,35,84
proposed_contact_budget_controller,clean_deployment,3,0.753061,0.015195,0.651275,0.002783,0.092944,0.002948,0.041131,0.002467,0.648850,0.003672,0.602022,0.002289,0.216249,0.001341,0.052837,0.001324,35,84
proposed_contact_budget_controller,clean_deployment,4,0.735374,0.017770,0.650866,0.002821,0.092294,0.002796,0.041537,0.002524,0.648901,0.003937,0.602076,0.002127,0.215803,0.001244,0.052854,0.001240,35,84
proposed_contact_budget_controller,clean_deployment,5,0.735034,0.020921,0.650456,0.002799,0.091987,0.002406,0.041092,0.002627,0.648995,0.003921,0.602642,0.001925,0.215592,0.001002,0.052191,0.001270,35,84
proposed_contact_budget_controller,clean_deployment,6,0.745578,0.017379,0.650504,0.002520,0.092709,0.002408,0.040909,0.002541,0.649076,0.003873,0.603191,0.002106,0.216088,0.001003,0.051773,0.001214,35,84
proposed_contact_budget_controller,combined_stress,0,0.690816,0.018337,0.630051,0.002529,0.106970,0.002650,0.055708,0.002537,0.626389,0.003899,0.581652,0.002312,0.229656,0.001138,0.066064,0.001171,35,84
proposed_contact_budget_controller,combined_stress,1,0.706463,0.017164,0.630091,0.002652,0.107686,0.002653,0.055398,0.002466,0.625553,0.004161,0.582201,0.002230,0.230147,0.001139,0.066556,0.001173,35,84
proposed_contact_budget_controller,combined_stress,2,0.697619,0.020852,0.630131,0.002755,0.107030,0.002574,0.055359,0.002542,0.626077,0.004042,0.581818,0.002220,0.229696,0.001105,0.066570,0.001211,35,84
proposed_contact_budget_controller,combined_stress,3,0.700340,0.019262,0.630628,0.002659,0.107402,0.002534,0.055567,0.002618,0.625673,0.003901,0.582334,0.002186,0.229953,0.001083,0.066371,0.001190,35,84
proposed_contact_budget_controller,combined_stress,4,0.700340,0.017044,0.630210,0.002782,0.107775,0.002542,0.055611,0.002486,0.624819,0.003624,0.581945,0.002096,0.230209,0.001090,0.066172,0.001261,35,84
proposed_contact_budget_controller,combined_stress,5,0.704082,0.019490,0.630708,0.002773,0.107805,0.002681,0.056000,0.002611,0.625778,0.003619,0.581992,0.002086,0.230229,0.001184,0.065968,0.001356,35,84
proposed_contact_budget_controller,combined_stress,6,0.691837,0.018568,0.631205,0.002825,0.107835,0.002894,0.055859,0.002376,0.625849,0.003442,0.582987,0.002061,0.230250,0.001323,0.065763,0.001242,35,84
proposed_contact_budget_controller,heldout_disturbance,0,0.726190,0.019345,0.637569,0.002664,0.102188,0.002523,0.049562,0.002580,0.634450,0.003618,0.589153,0.002167,0.224966,0.001090,0.061660,0.001313,35,84
proposed_contact_budget_controller,heldout_disturbance,1,0.725170,0.016716,0.638098,0.002560,0.101898,0.002528,0.049603,0.002398,0.634544,0.003521,0.589254,0.002086,0.224768,0.001098,0.061238,0.001422,35,84
proposed_contact_budget_controller,heldout_disturbance,2,0.702721,0.020638,0.637713,0.002935,0.101609,0.002471,0.050388,0.002730,0.635515,0.003522,0.589307,0.002048,0.224569,0.001060,0.060816,0.001323,35,84
proposed_contact_budget_controller,heldout_disturbance,3,0.718027,0.019946,0.638242,0.002934,0.101663,0.002576,0.049831,0.002357,0.635181,0.003372,0.589904,0.002174,0.224606,0.001110,0.061085,0.001226,35,84
proposed_contact_budget_controller,heldout_disturbance,4,0.717347,0.022744,0.637399,0.002949,0.101717,0.002490,0.050116,0.002534,0.634806,0.003817,0.589989,0.002089,0.224414,0.001095,0.060668,0.001212,35,84
proposed_contact_budget_controller,heldout_disturbance,5,0.711224,0.019401,0.637013,0.002853,0.101771,0.002600,0.050073,0.002454,0.635361,0.003606,0.591011,0.002088,0.224680,0.001118,0.060709,0.001103,35,84
proposed_contact_budget_controller,heldout_disturbance,6,0.712925,0.017212,0.638000,0.002850,0.101825,0.002858,0.050072,0.002308,0.634999,0.003669,0.589742,0.002178,0.224717,0.001269,0.060521,0.001104,35,84
proposed_contact_budget_controller,heldout_layout,0,0.729252,0.014830,0.642110,0.002337,0.098992,0.002537,0.046770,0.002596,0.640239,0.003365,0.593749,0.001593,0.222044,0.001092,0.059118,0.001181,35,84
proposed_contact_budget_controller,heldout_layout,1,0.721429,0.016069,0.642599,0.002575,0.099016,0.002677,0.047432,0.002563,0.638889,0.004277,0.594227,0.001512,0.222061,0.001170,0.058453,0.001364,35,84
proposed_contact_budget_controller,heldout_layout,2,0.711224,0.020635,0.642173,0.002951,0.099040,0.002750,0.048152,0.002637,0.639824,0.004274,0.593329,0.001878,0.222077,0.001213,0.058244,0.001381,35,84
proposed_contact_budget_controller,heldout_layout,3,0.729932,0.016029,0.641748,0.002926,0.099407,0.002578,0.047514,0.002315,0.639911,0.004108,0.593892,0.001960,0.222329,0.001115,0.057813,0.001360,35,84
proposed_contact_budget_controller,heldout_layout,4,0.723469,0.017379,0.641322,0.002649,0.099430,0.002537,0.047229,0.002327,0.640439,0.004069,0.593517,0.001955,0.222345,0.001094,0.058062,0.001314,35,84
proposed_contact_budget_controller,heldout_layout,5,0.722789,0.017653,0.641354,0.002840,0.099454,0.002581,0.047263,0.002527,0.640035,0.003947,0.594036,0.002126,0.222362,0.001124,0.058082,0.001184,35,84
proposed_contact_budget_controller,heldout_layout,6,0.713605,0.017454,0.641843,0.002848,0.099135,0.002579,0.047478,0.002536,0.640080,0.004264,0.594543,0.002287,0.222143,0.001122,0.057868,0.001197,35,84
proposed_contact_budget_controller,heldout_object,0,0.737755,0.017017,0.645872,0.002575,0.096368,0.002797,0.044682,0.002317,0.642596,0.003825,0.597245,0.002151,0.219303,0.001251,0.055409,0.001118,35,84
proposed_contact_budget_controller,heldout_object,1,0.730612,0.018674,0.645446,0.002692,0.095706,0.002856,0.044598,0.002584,0.642656,0.004032,0.597771,0.002325,0.219077,0.001272,0.055647,0.001157,35,84
proposed_contact_budget_controller,heldout_object,2,0.727891,0.017089,0.646393,0.002688,0.095730,0.002937,0.044680,0.002467,0.642250,0.003659,0.597373,0.002412,0.219093,0.001308,0.056124,0.001159,35,84
proposed_contact_budget_controller,heldout_object,3,0.730952,0.019725,0.644595,0.002778,0.096440,0.002940,0.044897,0.002630,0.641380,0.003329,0.596965,0.002380,0.219581,0.001310,0.055698,0.001115,35,84
proposed_contact_budget_controller,heldout_object,4,0.727551,0.017132,0.644627,0.002509,0.097150,0.002943,0.044355,0.002484,0.641463,0.003353,0.596606,0.002117,0.219840,0.001231,0.055958,0.001093,35,84
proposed_contact_budget_controller,heldout_object,5,0.719388,0.020589,0.644658,0.002325,0.097173,0.002724,0.044340,0.002446,0.642434,0.003358,0.596671,0.001958,0.219856,0.001105,0.056207,0.001101,35,84
proposed_contact_budget_controller,heldout_object,6,0.740816,0.020651,0.645605,0.002323,0.096854,0.002600,0.043821,0.002677,0.643431,0.003358,0.597683,0.001959,0.219637,0.001154,0.056222,0.001190,35,84
risk_aware_contact_planner,clean_deployment,0,0.654762,0.013993,0.548167,0.003045,0.171396,0.003627,0.085807,0.002391,0.564222,0.003542,0.513792,0.002133,0.245722,0.001310,0.070971,0.001089,35,84
risk_aware_contact_planner,clean_deployment,1,0.665646,0.019636,0.547694,0.002868,0.171384,0.003758,0.085537,0.002431,0.563786,0.003546,0.512911,0.002059,0.245714,0.001376,0.071196,0.001101,35,84
risk_aware_contact_planner,clean_deployment,2,0.661565,0.023747,0.548135,0.002811,0.171372,0.003857,0.085855,0.002605,0.564235,0.003796,0.513820,0.002073,0.245476,0.001334,0.071191,0.001082,35,84
risk_aware_contact_planner,clean_deployment,3,0.657823,0.021182,0.548119,0.002481,0.171702,0.003696,0.085729,0.002660,0.564707,0.003676,0.513844,0.002234,0.245704,0.001348,0.071421,0.001101,35,84
risk_aware_contact_planner,clean_deployment,4,0.661224,0.018851,0.548103,0.002269,0.171690,0.003687,0.085867,0.002641,0.564250,0.004139,0.514309,0.002306,0.245467,0.001223,0.071417,0.001257,35,84
risk_aware_contact_planner,clean_deployment,5,0.661224,0.019354,0.547629,0.002315,0.171678,0.003514,0.085630,0.002918,0.564727,0.004039,0.512968,0.002354,0.245916,0.001227,0.071413,0.001299,35,84
risk_aware_contact_planner,clean_deployment,6,0.658163,0.021909,0.548070,0.002259,0.172352,0.003517,0.085967,0.002915,0.565175,0.003982,0.513419,0.002311,0.246378,0.001229,0.071648,0.001345,35,84
risk_aware_contact_planner,combined_stress,0,0.599320,0.022555,0.528593,0.002803,0.197711,0.003269,0.102073,0.002672,0.542026,0.003503,0.491398,0.002143,0.259513,0.001127,0.085460,0.001049,35,84
risk_aware_contact_planner,combined_stress,1,0.582653,0.020223,0.529026,0.002730,0.197693,0.003129,0.102231,0.002643,0.542476,0.003717,0.491396,0.002118,0.259271,0.001010,0.085452,0.001201,35,84
risk_aware_contact_planner,combined_stress,2,0.601701,0.019495,0.528545,0.003178,0.197331,0.003462,0.102195,0.002661,0.542935,0.003774,0.491863,0.002015,0.259252,0.001216,0.085209,0.001185,35,84
risk_aware_contact_planner,combined_stress,3,0.590136,0.023359,0.528521,0.002931,0.197656,0.003454,0.102253,0.002633,0.543389,0.003938,0.491410,0.002021,0.259475,0.001206,0.085664,0.001187,35,84
risk_aware_contact_planner,combined_stress,4,0.594558,0.018768,0.528039,0.003105,0.197981,0.003460,0.102156,0.002424,0.542021,0.003397,0.491881,0.001778,0.259698,0.001213,0.085661,0.001333,35,84
risk_aware_contact_planner,combined_stress,5,0.579252,0.019995,0.528015,0.002674,0.198306,0.003497,0.102532,0.002464,0.541545,0.003312,0.491865,0.001854,0.259921,0.001231,0.085429,0.001433,35,84
risk_aware_contact_planner,combined_stress,6,0.593537,0.017642,0.528448,0.002669,0.197945,0.003369,0.101696,0.002590,0.541129,0.003269,0.492842,0.001858,0.259673,0.001173,0.085415,0.001350,35,84
risk_aware_contact_planner,heldout_disturbance,0,0.618027,0.021779,0.535759,0.002960,0.187481,0.003302,0.095796,0.002614,0.551114,0.003712,0.500842,0.002225,0.254081,0.001145,0.079878,0.001191,35,84
risk_aware_contact_planner,heldout_disturbance,1,0.626531,0.020496,0.536224,0.002914,0.187487,0.003444,0.095597,0.002275,0.550698,0.003824,0.500895,0.002159,0.254085,0.001217,0.080344,0.001197,35,84
risk_aware_contact_planner,heldout_disturbance,2,0.630952,0.023664,0.535317,0.002777,0.187492,0.003429,0.095723,0.002561,0.550266,0.003629,0.501384,0.002017,0.254089,0.001198,0.080580,0.001182,35,84
risk_aware_contact_planner,heldout_disturbance,3,0.637415,0.017673,0.535325,0.002904,0.187841,0.003501,0.095823,0.002642,0.549836,0.003751,0.499588,0.001963,0.254328,0.001233,0.080365,0.001079,35,84
risk_aware_contact_planner,heldout_disturbance,4,0.620068,0.019425,0.535332,0.002727,0.187847,0.003532,0.095558,0.002483,0.550338,0.003925,0.499187,0.001999,0.254104,0.001216,0.080830,0.001081,35,84
risk_aware_contact_planner,heldout_disturbance,5,0.623810,0.018944,0.534883,0.002601,0.187853,0.003670,0.095930,0.002524,0.550809,0.003858,0.499203,0.001985,0.254336,0.001317,0.080381,0.001178,35,84
risk_aware_contact_planner,heldout_disturbance,6,0.631973,0.021355,0.535805,0.002599,0.187859,0.003589,0.095281,0.002676,0.550415,0.003970,0.498827,0.002226,0.254340,0.001269,0.080846,0.001178,35,84
risk_aware_contact_planner,heldout_layout,0,0.637075,0.022319,0.539496,0.002832,0.183070,0.003809,0.093284,0.002521,0.555171,0.003662,0.502331,0.001988,0.251419,0.001408,0.077602,0.001246,35,84
risk_aware_contact_planner,heldout_layout,1,0.627551,0.020215,0.539922,0.002875,0.183046,0.003803,0.093266,0.002762,0.554706,0.003953,0.502789,0.001775,0.251860,0.001414,0.078047,0.001250,35,84
risk_aware_contact_planner,heldout_layout,2,0.623810,0.018430,0.538975,0.002303,0.183022,0.003606,0.093109,0.002621,0.554248,0.003806,0.502799,0.001861,0.251615,0.001326,0.077806,0.001190,35,84
risk_aware_contact_planner,heldout_layout,3,0.630952,0.021496,0.539400,0.002246,0.181969,0.003377,0.092853,0.002637,0.553338,0.004117,0.503730,0.001861,0.251120,0.001163,0.077319,0.001257,35,84
risk_aware_contact_planner,heldout_layout,4,0.635034,0.025271,0.539825,0.002292,0.182287,0.003559,0.092760,0.002917,0.553334,0.003943,0.503736,0.001875,0.251339,0.001256,0.077770,0.001263,35,84
risk_aware_contact_planner,heldout_layout,5,0.626190,0.025600,0.539335,0.002473,0.182606,0.003381,0.092977,0.002795,0.553773,0.003880,0.503264,0.002040,0.251558,0.001154,0.077534,0.001377,35,84
risk_aware_contact_planner,heldout_layout,6,0.627211,0.018885,0.538388,0.002722,0.183268,0.003383,0.093208,0.002780,0.553753,0.003584,0.503706,0.002198,0.252013,0.001154,0.077532,0.001428,35,84
risk_aware_contact_planner,heldout_object,0,0.631633,0.016976,0.543925,0.002717,0.179014,0.003143,0.090856,0.002498,0.559584,0.003735,0.507430,0.002291,0.249897,0.001051,0.074889,0.001131,35,84
risk_aware_contact_planner,heldout_object,1,0.647959,0.023901,0.543435,0.002974,0.177961,0.003436,0.090151,0.002626,0.560068,0.003675,0.508390,0.002297,0.249174,0.001231,0.074860,0.001048,35,84
risk_aware_contact_planner,heldout_object,2,0.638435,0.020585,0.543860,0.003066,0.178280,0.003390,0.090384,0.002493,0.560505,0.003864,0.508832,0.002243,0.249393,0.001204,0.074624,0.001228,35,84
risk_aware_contact_planner,heldout_object,3,0.653061,0.022314,0.544286,0.003002,0.177912,0.003646,0.089993,0.002537,0.560059,0.003956,0.508857,0.002058,0.248912,0.001421,0.074835,0.001229,35,84
risk_aware_contact_planner,heldout_object,4,0.641497,0.021491,0.543339,0.002822,0.178231,0.003821,0.090504,0.002378,0.559111,0.003662,0.507909,0.001898,0.248903,0.001415,0.075056,0.001237,35,84
risk_aware_contact_planner,heldout_object,5,0.639116,0.021040,0.543764,0.002866,0.178207,0.003814,0.090315,0.002707,0.559112,0.003736,0.506549,0.001954,0.249115,0.001339,0.075273,0.001260,35,84
risk_aware_contact_planner,heldout_object,6,0.652721,0.015645,0.542817,0.002293,0.178183,0.003730,0.089742,0.002512,0.558675,0.004118,0.507044,0.001988,0.248869,0.001264,0.075260,0.001153,35,84
whole_body_mpc,clean_deployment,0,0.639796,0.019068,0.517309,0.002604,0.231657,0.004092,0.118654,0.002801,0.526403,0.004045,0.468460,0.001812,0.239269,0.001221,0.087996,0.001362,35,84
whole_body_mpc,clean_deployment,1,0.646259,0.019964,0.515824,0.002742,0.231229,0.004074,0.118415,0.002734,0.525412,0.003682,0.468853,0.001936,0.239204,0.001240,0.087708,0.001111,35,84
whole_body_mpc,clean_deployment,2,0.642857,0.022105,0.516170,0.002636,0.231488,0.003995,0.118228,0.002580,0.526248,0.003666,0.467870,0.002045,0.238925,0.001173,0.088117,0.001111,35,84
whole_body_mpc,clean_deployment,3,0.646939,0.021958,0.516972,0.002632,0.231404,0.003952,0.117840,0.002653,0.525722,0.003631,0.467815,0.002235,0.239324,0.001179,0.088521,0.001109,35,84
whole_body_mpc,clean_deployment,4,0.644898,0.023205,0.516402,0.002683,0.231663,0.003774,0.118307,0.002716,0.525610,0.003753,0.467704,0.002232,0.239273,0.001134,0.088473,0.001054,35,84
whole_body_mpc,clean_deployment,5,0.646599,0.017580,0.517205,0.002680,0.230893,0.004017,0.118618,0.002682,0.524592,0.003968,0.468061,0.002374,0.238973,0.001226,0.088180,0.001138,35,84
whole_body_mpc,clean_deployment,6,0.625170,0.024451,0.516635,0.002842,0.230809,0.003829,0.118842,0.002721,0.525407,0.003965,0.467052,0.002400,0.238915,0.001118,0.088356,0.001025,35,84
whole_body_mpc,combined_stress,0,0.536054,0.025100,0.496335,0.002606,0.267709,0.003831,0.135783,0.002783,0.501850,0.003961,0.447355,0.001828,0.253241,0.001086,0.103084,0.001348,35,84
whole_body_mpc,combined_stress,1,0.554082,0.022684,0.497130,0.002603,0.267275,0.003884,0.135262,0.002848,0.502695,0.003960,0.447758,0.001806,0.253172,0.001130,0.103250,0.001305,35,84
whole_body_mpc,combined_stress,2,0.542177,0.023360,0.496552,0.002892,0.267185,0.003922,0.135939,0.002866,0.502565,0.003767,0.447626,0.002113,0.253110,0.001156,0.103192,0.001275,35,84
whole_body_mpc,combined_stress,3,0.539456,0.018394,0.497346,0.002890,0.267095,0.004161,0.136396,0.002694,0.502903,0.003856,0.447508,0.002000,0.253048,0.001291,0.102449,0.001225,35,84
whole_body_mpc,combined_stress,4,0.545578,0.019191,0.496769,0.002878,0.267691,0.004164,0.135999,0.002546,0.503741,0.003855,0.447445,0.002157,0.253000,0.001279,0.102631,0.001265,35,84
whole_body_mpc,combined_stress,5,0.551361,0.022793,0.496649,0.002853,0.267258,0.004205,0.136000,0.002707,0.504560,0.003854,0.446900,0.002178,0.253160,0.001325,0.103025,0.001264,35,84
whole_body_mpc,combined_stress,6,0.553401,0.025585,0.496986,0.002640,0.266482,0.004084,0.135612,0.002804,0.504026,0.004132,0.447294,0.002245,0.252627,0.001263,0.102728,0.001257,35,84
whole_body_mpc,heldout_disturbance,0,0.578231,0.020366,0.503886,0.002527,0.254136,0.004403,0.129377,0.002695,0.511788,0.003823,0.454907,0.002414,0.248164,0.001390,0.097413,0.001237,35,84
whole_body_mpc,heldout_disturbance,1,0.579252,0.023566,0.503341,0.002192,0.254070,0.004248,0.129304,0.002724,0.512184,0.003759,0.454855,0.002290,0.248118,0.001311,0.097372,0.001297,35,84
whole_body_mpc,heldout_disturbance,2,0.588095,0.022171,0.503710,0.002115,0.254346,0.004288,0.128837,0.002932,0.512144,0.003804,0.454372,0.002315,0.248309,0.001336,0.097793,0.001298,35,84
whole_body_mpc,heldout_disturbance,3,0.582653,0.019812,0.504536,0.002110,0.254280,0.004055,0.128919,0.002878,0.512533,0.003888,0.454310,0.002236,0.248263,0.001227,0.098210,0.001297,35,84
whole_body_mpc,heldout_disturbance,4,0.578912,0.022476,0.504448,0.002380,0.253528,0.004061,0.129373,0.003061,0.512446,0.003807,0.454224,0.002425,0.247747,0.001244,0.097471,0.001474,35,84
whole_body_mpc,heldout_disturbance,5,0.582653,0.019788,0.504817,0.002350,0.254148,0.004063,0.129737,0.002863,0.512363,0.003889,0.454602,0.002345,0.248172,0.001245,0.097670,0.001398,35,84
whole_body_mpc,heldout_disturbance,6,0.591837,0.020260,0.504729,0.002703,0.253396,0.004054,0.129423,0.002966,0.511857,0.003892,0.455024,0.002173,0.247656,0.001246,0.098075,0.001397,35,84
whole_body_mpc,heldout_layout,0,0.574150,0.022759,0.508707,0.003023,0.246256,0.004360,0.126591,0.002616,0.516484,0.003810,0.458410,0.002260,0.244831,0.001397,0.094708,0.001162,35,84
whole_body_mpc,heldout_layout,1,0.595578,0.019498,0.508121,0.002807,0.246502,0.004397,0.126486,0.002558,0.516842,0.003712,0.459235,0.002248,0.245000,0.001414,0.094880,0.001278,35,84
whole_body_mpc,heldout_layout,2,0.611565,0.020872,0.507536,0.002692,0.246749,0.004469,0.125826,0.002650,0.516313,0.003532,0.460097,0.002265,0.245170,0.001449,0.095053,0.001299,35,84
whole_body_mpc,heldout_layout,3,0.605782,0.021213,0.507408,0.002594,0.246310,0.004401,0.125872,0.002657,0.516207,0.003751,0.459540,0.002291,0.244868,0.001410,0.094986,0.001289,35,84
whole_body_mpc,heldout_layout,4,0.596259,0.017068,0.507279,0.002284,0.246557,0.004360,0.125824,0.002772,0.516562,0.003833,0.458990,0.001896,0.244809,0.001395,0.094701,0.001152,35,84
whole_body_mpc,heldout_layout,5,0.611565,0.018501,0.507608,0.002166,0.246804,0.004393,0.125409,0.002951,0.516936,0.003887,0.459378,0.002093,0.245207,0.001400,0.094416,0.001269,35,84
whole_body_mpc,heldout_layout,6,0.591497,0.019364,0.507480,0.002137,0.246365,0.004274,0.126026,0.002855,0.516344,0.003748,0.459699,0.001909,0.244677,0.001240,0.094349,0.001317,35,84
whole_body_mpc,heldout_object,0,0.619728,0.021087,0.512306,0.002956,0.239740,0.004361,0.122822,0.002458,0.520591,0.003934,0.462310,0.002286,0.242388,0.001398,0.091998,0.001161,35,84
whole_body_mpc,heldout_object,1,0.628571,0.018593,0.511720,0.002905,0.239986,0.004397,0.122790,0.002444,0.520946,0.003823,0.462215,0.002247,0.242328,0.001445,0.092170,0.001276,35,84
whole_body_mpc,heldout_object,2,0.615306,0.016562,0.511134,0.002690,0.240233,0.004469,0.123061,0.002590,0.520828,0.003698,0.463016,0.002258,0.242269,0.001453,0.092343,0.001299,35,84
whole_body_mpc,heldout_object,3,0.601020,0.020187,0.511006,0.002343,0.239451,0.004359,0.123060,0.002691,0.520267,0.003844,0.463835,0.002250,0.242189,0.001386,0.092270,0.001288,35,84
whole_body_mpc,heldout_object,4,0.601020,0.022805,0.511335,0.002284,0.239698,0.004392,0.123012,0.002804,0.520622,0.003752,0.463284,0.002293,0.242359,0.001400,0.091985,0.001154,35,84
whole_body_mpc,heldout_object,5,0.618367,0.020737,0.511665,0.002166,0.239945,0.004316,0.122547,0.002934,0.520999,0.003851,0.462761,0.001899,0.242528,0.001360,0.091701,0.001270,35,84
whole_body_mpc,heldout_object,6,0.623810,0.017409,0.511079,0.002248,0.239506,0.004100,0.122324,0.002910,0.520906,0.004048,0.463137,0.002086,0.242227,0.001239,0.091633,0.001317,35,84
